Month,Year,Economic Growth Rate,Industry Benchmark
1,2018,2.415096977109671,103.16453061081323
1,2018,2.1590736941597575,91.40009737096597
1,2018,2.537254082403614,97.16552249092805
1,2018,2.3154615638109677,109.0251698070991
1,2018,1.1654410196593923,91.24509394714838
1,2018,2.090598590852826,97.68382169140874
1,2018,1.4698660813795197,94.15167525137326
1,2018,2.993578788937774,104.22174102424864
1,2018,3.029148448328768,93.63670645037489
1,2018,2.6580531152163913,99.87157292627661
1,2018,2.1015466622796692,90.80117322041697
1,2018,1.8397542717935842,86.43668701741242
1,2018,2.2357455032943716,95.66274647094409
1,2018,1.7629773039808172,92.44829840165082
1,2018,2.1431195998506274,87.91441557163317
1,2018,2.321600292645263,78.31290018689938
1,2018,2.474916545369884,103.81478348607529
1,2018,2.3025564081979653,109.39338919300431
1,2018,2.0468153020881044,103.31023439912738
1,2018,2.639877590545708,95.24380472966129
1,2018,2.354431661922092,87.35577871659706
1,2018,2.1387884955525713,95.9895103858842
1,2018,1.2563109545752102,108.65398007979263
1,2018,2.597680921947591,100.35840353085622
1,2018,1.5200768395029538,120.24812007114775
1,2018,1.7860818999558687,111.6936385197815
1,2018,2.30456610681344,100.77819921078294
1,2018,2.3880341687522972,95.89607117104975
1,2018,2.4154785869073927,96.94258763792314
1,2018,2.0306990014838195,104.21101670551599
1,2018,2.092005854519264,116.14249954286306
2,2018,2.2694762747190924,87.92783042455886
2,2018,1.3828353870768972,98.72201817204332
2,2018,2.1568842095504475,111.5100355753548
2,2018,2.6030550461392843,92.0063082561019
2,2018,2.342667313449577,107.02875862882118
2,2018,1.1827921922542162,102.4119747169711
2,2018,2.3070339388618994,110.00121566997042
2,2018,1.9343575327210962,93.4598881991469
2,2018,2.647460477764748,109.082179993764
2,2018,2.8876817580302805,113.43823043959802
2,2018,1.5896322236094609,94.87734229084457
2,2018,2.6866979738028767,102.8391558776616
2,2018,1.6647011470575026,79.82880175230999
2,2018,0.9901505293074051,99.42687938478356
2,2018,1.928429730219088,91.34091112906081
2,2018,2.102668963097949,91.18335258569076
2,2018,2.6004574873137263,105.7430650294308
2,2018,2.2127437050576138,100.18308236717812
2,2018,1.8818181082359928,98.00060141645892
2,2018,2.5115284941255474,71.78803082893373
2,2018,1.0328745236756292,100.31130792172722
2,2018,2.6670185269708275,84.13299920009709
2,2018,2.4727625188326985,101.16608764402919
2,2018,2.252961598878993,103.19870338442749
2,2018,0.9252127164916404,118.86730481306165
2,2018,2.075037807290545,103.41242446060913
2,2018,3.033257085178424,96.7503439165882
2,2018,2.1617704432697185,95.79826960995447
3,2018,1.3484073293171157,115.0790255590264
3,2018,1.4933612990246907,90.9860965284372
3,2018,1.8778827302845804,112.43125279551755
3,2018,1.666554043895193,103.33806745736511
3,2018,2.1984300320956134,124.89615478413103
3,2018,1.674624616486763,104.33841167388626
3,2018,1.79514298583656,106.81336328510588
3,2018,1.2530825463261732,94.95047605042409
3,2018,1.130999437204212,120.86219973924257
3,2018,2.325725607016962,91.86024173094599
3,2018,1.5252983116393373,99.52390066775921
3,2018,2.521236400981324,108.41206708949156
3,2018,3.181464640729394,86.83845577614623
3,2018,1.2667658124767003,96.33731022763975
3,2018,2.041740975901422,91.97705582107011
3,2018,1.7430675205668544,101.51328468935199
3,2018,1.6506142679136107,106.70846419706898
3,2018,2.4106014155135362,109.19607615478175
3,2018,2.1603599149966506,77.5436281907283
3,2018,2.11330569981454,108.15139331128613
3,2018,1.5627375668190906,91.99770434605159
3,2018,1.706543791118353,103.41827300143946
3,2018,2.1222394936315365,96.040718485968
3,2018,1.325786875486787,100.38937553908637
3,2018,1.6922476204768584,111.38425863691526
3,2018,2.2077852263864415,99.42234513393808
3,2018,2.5871713921999855,92.80916882890403
3,2018,1.9641585804673674,80.2037759480906
3,2018,3.0064312400328266,85.13965963107405
3,2018,2.226311440430925,100.70250116209867
3,2018,1.4468288348102885,86.29894333627533
4,2018,1.810985265004413,113.20504759060663
4,2018,1.6847098185374658,89.05603139016382
4,2018,2.27908059777514,99.05343459909506
4,2018,2.9121848123026064,100.82381026671654
4,2018,1.8892186021373594,92.71991394818215
4,2018,1.7992382905421413,90.24318722901914
4,2018,2.228323922778765,98.48652368498642
4,2018,2.8046752372843344,101.42587161063406
4,2018,2.209566547853933,105.0003506183955
4,2018,2.363512008034485,78.20238053195125
4,2018,1.505899612478578,89.07771286998633
4,2018,2.5283689384825387,92.11985880385853
4,2018,2.692581701908224,86.90907457684301
4,2018,1.550939307753836,102.00566470838727
4,2018,1.8840171158502552,97.13226783132758
4,2018,1.5521220034963492,106.95672468757775
4,2018,2.923297641518686,104.56457826847789
4,2018,1.8176098179180524,107.00862643531916
4,2018,1.7667087263923236,97.27313725455929
4,2018,2.1836149218658614,94.6117834851542
4,2018,1.4762262526166299,81.68718647656716
4,2018,1.3908185481324518,102.28373799703526
4,2018,2.4675574771756223,95.39005797289873
4,2018,2.081785675638998,104.7816171958315
4,2018,1.6533150362444509,94.51148232104164
4,2018,1.4307848325778263,89.27861438575556
4,2018,1.7187104902231822,111.40099954766953
4,2018,1.9278634076332224,93.30002416940148
4,2018,2.0102066099025246,102.36125458366901
4,2018,2.210929579774968,110.31501257617929
5,2018,2.096835065602145,102.6836123951035
5,2018,2.657891651515168,105.99078790144887
5,2018,2.039202488258375,97.02421228153877
5,2018,1.898837671373363,96.99942969503327
5,2018,1.8783915270092564,94.86743607491933
5,2018,2.0159926588643637,119.70833770847537
5,2018,2.9182771235417624,106.56818908556377
5,2018,1.9899086635792742,93.94478947691627
5,2018,2.627586555222705,107.05624674215618
5,2018,1.9984617872829962,112.63180570726443
5,2018,1.3846656207658072,94.61354448638411
5,2018,1.350800393721201,110.69060796921978
5,2018,2.291541439021078,108.77293717015417
5,2018,2.491380907694573,102.04466022898849
5,2018,1.7542212963878816,104.40302282764841
5,2018,2.3642166628567804,96.03281190671316
5,2018,2.15873363963604,99.89533328242989
5,2018,1.4487136521038408,90.36010370407948
5,2018,1.9728330636219136,103.19162263985531
5,2018,1.7608852910007298,98.02656591940617
5,2018,2.496743742430252,104.76962338743917
5,2018,1.811956364219341,91.4606203577402
5,2018,1.8677470612114249,110.35762254677422
5,2018,1.815229077743873,106.43654299460653
5,2018,1.1519837863227644,84.7683527991416
5,2018,2.4090946368840043,112.968219592697
5,2018,2.3785871759786463,98.82249701528055
5,2018,1.654329348458963,110.91863317651003
5,2018,1.8029277152560066,84.25753941473128
5,2018,2.2096226762448268,116.11550008811341
5,2018,2.1478514674392377,102.05817527455527
6,2018,2.0310259229721126,92.44971835424157
6,2018,1.520344983744057,92.01921256219435
6,2018,1.7440975526775029,96.42827194145575
6,2018,1.8342987752523645,100.4099707518935
6,2018,2.7452533552018155,90.30978248388594
6,2018,2.076212395652738,102.43707076605338
6,2018,1.1116679136551935,108.3246737339029
6,2018,1.7093138135645247,112.4289534932997
6,2018,2.2178284864487914,102.45924804775268
6,2018,2.073983681767286,93.89112850384079
6,2018,1.0974251685168195,112.69945949571583
6,2018,1.7155662226070243,100.50679208897667
6,2018,2.052478214445516,91.33247232559452
6,2018,2.4901295434412467,101.28759846138408
6,2018,2.563733200551086,116.52701834773686
6,2018,2.3925714456106792,100.63864373983544
6,2018,1.6298642686468705,79.81284881912947
6,2018,2.364937341461645,108.03843282277515
6,2018,1.2549878251213957,99.36289100791383
6,2018,2.1324406446163477,87.8130280076188
6,2018,1.526812203135729,103.70660549317977
6,2018,1.920470912860337,103.8774431721666
6,2018,1.6966228867043651,110.22521838157849
6,2018,2.324286641338976,92.52161645915898
6,2018,2.4069747751350787,82.21273213704578
6,2018,1.770843250144253,100.03473724650851
6,2018,3.2329396618392816,109.55947297454783
6,2018,1.377683387153597,97.46205471355476
6,2018,1.7116189650000355,113.6302948914782
6,2018,2.0563626360956184,99.47216761030639
7,2018,1.5139126204217492,111.19372170009686
7,2018,2.09356694666952,111.79932428342096
7,2018,0.9376059660535454,107.80164690725577
7,2018,2.193487913223106,89.0487287689577
7,2018,1.8448566170982694,88.24140811756334
7,2018,1.7718680431757663,95.11776653321165
7,2018,1.3185504267486305,116.22121607571803
7,2018,2.3700851011634803,98.23103518089985
7,2018,1.8013131072553905,95.6579638313735
7,2018,2.5522344403283865,86.89851932769454
7,2018,2.1776790536142228,89.1964018233782
7,2018,1.9941482336478178,99.72278001552772
7,2018,2.5385708281108,87.50440295196546
7,2018,2.4961648469540076,101.36298250194093
7,2018,1.6754729815099472,103.49759816414453
7,2018,2.5621816725384727,115.57352935812962
7,2018,1.9844251706067557,120.25383868049116
7,2018,2.0451020934080937,108.19889245212265
7,2018,1.4686591722191316,102.31260463902514
7,2018,2.4696545782473747,98.95554368456806
7,2018,2.7069743568796545,104.33904033580708
7,2018,2.418740170803584,102.40716491393765
7,2018,3.029835005502663,89.56585538043187
7,2018,1.6246329347954385,88.64761173354543
7,2018,0.9555997349463361,123.63487566087022
7,2018,1.91922886146525,108.47926649897701
7,2018,1.5668552550248571,77.7372361103254
7,2018,2.347783411322779,99.34999613435426
7,2018,1.5798785927529393,95.02168046883612
7,2018,1.7762214832288847,85.72034699393024
7,2018,2.216455233702998,102.56787028567084
8,2018,0.9811745146149893,85.95507866760532
8,2018,1.8098481085004834,104.50907932991724
8,2018,1.8358251684139741,104.72189769562253
8,2018,1.828938168976168,113.08148119190078
8,2018,2.3662793476893094,106.18809106508432
8,2018,1.3849610339998544,100.72759123957867
8,2018,1.832669456920337,98.63963277662553
8,2018,2.8539635905470275,105.13642576352714
8,2018,1.489740802001911,126.96115944224127
8,2018,2.072781609588105,107.90109826220343
8,2018,1.3739038328701878,103.79936744164836
8,2018,2.1239453897536187,90.40805819951531
8,2018,1.9287045653790749,90.40610736279561
8,2018,2.862191314141253,100.85943765111766
8,2018,2.772608293378736,82.03015152531863
8,2018,1.8218999054009115,94.0535922469037
8,2018,1.895525064274184,95.03700481229977
8,2018,1.814400401501501,109.66781868895762
8,2018,2.7894558916060386,106.83398011354697
8,2018,1.5461016153608724,107.44543811905852
8,2018,1.8689397283496534,117.72407008498789
8,2018,2.218709449556612,119.7738792256726
8,2018,1.5968391390111343,98.96116920277001
8,2018,1.9163028985036785,116.82785696050931
8,2018,1.6081498588820262,102.26888663184324
8,2018,2.1493980358161453,117.42130684313632
8,2018,3.175420693858662,111.46939290324951
8,2018,1.1008974889537209,104.70254814799569
8,2018,2.339691026844308,84.62517003753005
8,2018,3.108797570889311,99.3007360511503
8,2018,1.8473138581051103,105.28622535797182
9,2018,2.5406868631163877,100.24765661652148
9,2018,2.363039791382384,80.81325883646505
9,2018,2.668727480782125,94.13892941145988
9,2018,1.7131197609421223,98.08250543504904
9,2018,1.8959509398541876,84.09513257274308
9,2018,2.96469824485856,103.63346366012372
9,2018,1.4922598422248252,95.24391959683427
9,2018,2.2343512315818113,106.41856557175521
9,2018,2.203655856900455,98.12209002757479
9,2018,2.318658055551441,84.86274219333941
9,2018,1.9131059761392144,90.6360315366852
9,2018,2.341688137292924,113.48116357415192
9,2018,2.4388305377895616,91.05707935044319
9,2018,2.26401417654404,95.2604636084129
9,2018,2.2310599354963907,94.12891965303014
9,2018,2.683888482178627,117.75698945473772
9,2018,1.6586554630384602,82.41693978031138
9,2018,2.309927199494692,112.75361986528755
9,2018,2.4434015971718366,121.87201187473165
9,2018,2.2535295736044274,116.17969133899419
9,2018,2.8859033342943095,100.66884668178726
9,2018,2.4011717204978433,110.33477049332757
9,2018,2.337827561479798,122.67045091296649
9,2018,2.343939636128357,99.77432557759279
9,2018,0.8907494429124476,104.99620584598443
9,2018,2.0408911721421723,98.45285538416294
9,2018,1.2238386980413423,93.82789508847819
9,2018,1.5758417148248496,94.89764899668664
9,2018,1.9838542908346168,99.3613627484141
9,2018,2.1001691098906745,94.65170094785624
10,2018,2.223716720531053,94.34027640813889
10,2018,2.0973304215758333,97.43290479332201
10,2018,2.7768817286039513,103.61995657839375
10,2018,1.2180639529350965,93.43395891307064
10,2018,2.0170795342043197,89.62575545095652
10,2018,2.100115096336277,116.7816421097833
10,2018,2.671317260722598,110.10084495498103
10,2018,2.260821091942425,103.11088805866576
10,2018,1.0716394182702897,88.25596216899883
10,2018,2.3784400947519573,89.08361588407391
10,2018,2.204199202186109,102.55248833443451
10,2018,1.8719063573107082,103.18471185278024
10,2018,2.9275336733788375,97.78016579960543
10,2018,2.2862407408995105,95.96874117669785
10,2018,1.1282711920588557,84.81977146602264
10,2018,1.9244471212814311,99.06766301464313
10,2018,2.2161229206421327,99.46338752620382
10,2018,1.4054891258469544,103.4719911252814
10,2018,2.0525219813492632,104.44695450896167
10,2018,1.9887174090583577,111.63662255107863
10,2018,1.598785627810437,84.52357174462743
10,2018,2.334063743167393,101.31174816022117
10,2018,2.2315325426271007,111.96145570702711
10,2018,1.3614139759920314,103.3068407493244
10,2018,2.872164856168114,109.38432881504701
10,2018,1.2033710047214,106.92574554539333
10,2018,1.8061652528746428,118.17975946647337
10,2018,2.3265301231003552,100.18735283953689
10,2018,0.8938819446570754,99.96229644041875
10,2018,1.6452711678810552,102.9222403804024
10,2018,2.120117141074966,97.63616596060665
11,2018,1.8438870482975083,89.758311945672
11,2018,2.940673665683888,87.09762704207968
11,2018,2.0774143810980665,101.17359853327325
11,2018,1.3283996925248172,91.74276396191954
11,2018,2.0060701236301646,93.21022616261386
11,2018,2.369957785941199,92.01046096928937
11,2018,2.803780562348561,101.47214983022086
11,2018,1.7940442927350504,92.51385342776395
11,2018,3.130012432915966,122.7396819484816
11,2018,1.3555032893594783,96.08463220185651
11,2018,2.2027261381425256,114.27570871464461
11,2018,2.259587247142897,97.02147939684214
11,2018,2.217948489042047,91.05506018629346
11,2018,3.002077191491087,101.0867276893962
11,2018,2.1032863470356986,100.80877408050766
11,2018,1.867219689812452,94.80267448387539
11,2018,1.7597717206718264,85.8241637716013
11,2018,2.9518744279871307,111.39346601808373
11,2018,1.9037967705277978,97.82488564771985
11,2018,1.900124778700204,98.95150310544564
11,2018,2.1658244031663982,83.93417019716361
11,2018,2.3043388235276674,92.79270479781962
11,2018,1.196430722437857,115.48620477632544
11,2018,2.484164585493621,113.76543621920774
11,2018,2.503778180617748,101.30609651747797
11,2018,1.8039170135268232,99.89051869685947
11,2018,1.759671971814369,93.34007356825828
11,2018,2.414200864218067,108.81194511776093
11,2018,1.929324007066542,93.35251075187242
11,2018,2.149713689127988,101.05490954261293
12,2018,1.447097500844651,82.54830988590396
12,2018,2.2966436450187993,91.87998811170682
12,2018,2.4988899200554,105.68683001170714
12,2018,2.304560940221017,91.54257309735429
12,2018,1.884262792361112,109.91089750792926
12,2018,2.3627843952033905,110.18405847089142
12,2018,2.447322996336446,103.31288091848631
12,2018,2.3273093241290717,107.42124408853613
12,2018,1.4329559163557937,118.84189889439223
12,2018,1.6675281072356403,93.6468722808575
12,2018,2.1414011848776004,100.74433783529551
12,2018,2.7893425015201894,114.17798967347933
12,2018,1.6921053056606388,96.3591813015484
12,2018,2.901715069901197,110.6990444558395
12,2018,2.747761766739552,91.80405548561743
12,2018,2.653520900501518,113.80880751529884
12,2018,2.7735121664191804,104.93748158031944
12,2018,1.4943597698207127,110.65894734747155
12,2018,1.9615122957729672,90.38443539619114
12,2018,3.0145240014959844,93.57430279579775
12,2018,0.8816742045463288,104.20482246080273
12,2018,2.6674425261206776,111.90422187335557
12,2018,2.0777843204126873,109.48248777578262
12,2018,2.315796543914607,82.40448019409155
12,2018,1.5380315310988544,96.46446911843138
12,2018,0.9551757385471147,76.62768461485413
12,2018,0.5389134392699864,91.55508246291946
12,2018,1.308178835398826,97.98113648273423
12,2018,1.9812986664548637,102.04897613208213
12,2018,2.5980316543445605,116.94627478129064
12,2018,0.9604371871280803,82.46229191087167
1,2019,1.7938029574812886,89.59564846810211
1,2019,2.0502797204735974,112.64499033137591
1,2019,2.466754718788903,96.73144229498044
1,2019,1.9509819154260901,102.63574186596567
1,2019,1.878643413886336,94.39089051168547
1,2019,2.53750588844507,94.34880010236814
1,2019,2.665147656930533,91.30970033591238
1,2019,1.8125795140864067,121.38980816599408
1,2019,1.7717348459055757,105.81150291434976
1,2019,1.8673298769099873,120.5157404742462
1,2019,2.680932111540351,82.22502307469577
1,2019,1.6005802294592892,87.0506188516635
1,2019,1.0636912847162314,104.30037992976622
1,2019,1.5714710838015438,92.025763482598
1,2019,1.9372260873446434,93.85190057373674
1,2019,1.6811039616699044,104.92120704154365
1,2019,2.6086947081819125,91.60394263147029
1,2019,1.875343379913981,97.42221373949485
1,2019,1.0921943484872276,96.10753074868164
1,2019,2.4639027290661364,96.32080888016063
1,2019,1.3678050896400142,90.4078992265379
1,2019,2.191803166649589,106.74288221785591
1,2019,2.0694092940354016,102.89375518076413
1,2019,2.412001366090803,108.35952514403658
1,2019,2.563484514482131,101.53931509567259
1,2019,1.190627527078334,93.2634224219373
1,2019,2.73468649053064,89.76677373893179
1,2019,1.8458379939919483,92.1251203879245
1,2019,2.185065100050027,110.2031906980943
1,2019,0.9743774404689702,101.57634499299087
1,2019,2.02205570063401,99.34436170346258
2,2019,1.8302563477144933,85.09793600669907
2,2019,2.061089408719622,93.82993613415148
2,2019,2.7656105853818627,114.65966645910004
2,2019,1.5915356555618756,107.52053674689633
2,2019,1.6833214393509919,112.21362098954859
2,2019,1.9324599187136444,100.54009830332762
2,2019,1.9375527914507986,112.73016443540791
2,2019,1.7355647302949775,92.74736374145608
2,2019,2.5657128586324274,104.54739973135932
2,2019,1.410479234171504,104.96424691803618
2,2019,1.6517405768881095,97.02919333344407
2,2019,2.582222914989135,107.90986056827217
2,2019,1.8154618290018187,93.43280932486124
2,2019,1.9017920319339499,93.9897397012566
2,2019,1.955652321838039,110.5677976240287
2,2019,1.6841694721180664,91.5197556160227
2,2019,2.337428196787817,105.86834533651981
2,2019,1.9434329788749802,118.61238287067933
2,2019,1.8427023117687504,87.49966907280648
2,2019,0.841840897849236,85.72308855397392
2,2019,1.6766498698506005,98.05021986858563
2,2019,2.0800267079958528,73.70939898739144
2,2019,2.2554030635810682,96.79301519820889
2,2019,1.871220614003604,101.04482287657255
2,2019,1.2325847677009238,95.66550934204953
2,2019,1.4142187404055993,104.71118787978715
2,2019,1.6331989774140518,107.45742902421638
2,2019,1.9657978727006475,92.75316346083586
3,2019,2.0040246052921575,88.60417120011296
3,2019,1.286745592370805,84.19318460939922
3,2019,2.1792935901220662,94.45717197746266
3,2019,2.36632797775177,101.53150850822378
3,2019,2.1036001717445854,113.50553448850734
3,2019,1.9546049970785229,111.90524643525961
3,2019,2.4484094535821948,99.50085116189355
3,2019,2.274866895795391,97.03849328196596
3,2019,2.1371840065429155,108.40969907145455
3,2019,2.1862609515315032,114.91939900383281
3,2019,2.347698057362826,121.59585340615776
3,2019,2.3284407791409794,85.89025506950233
3,2019,3.2101636519090646,98.82216754954807
3,2019,1.7725127392289917,80.95467316165826
3,2019,1.6911856088085575,98.56244975941979
3,2019,1.8025008863234318,97.09743985349844
3,2019,1.7644333957050753,85.6700085697218
3,2019,2.6673157961601617,107.20743986683716
3,2019,2.440360778795677,106.2223237617304
3,2019,2.1428456019094213,106.75781669535885
3,2019,1.6080765337569685,104.36995238220234
3,2019,2.678390014962186,107.6266336978238
3,2019,1.949784006598409,111.29229965858997
3,2019,1.963176851989076,86.50023323150253
3,2019,2.3587721746592982,104.28296350604067
3,2019,1.8805895055889672,108.18526816065238
3,2019,1.9904609695743032,104.54476022727738
3,2019,2.8674740480579883,116.41335177701355
3,2019,2.6282878605322475,91.49228079271785
3,2019,1.7756168278053142,103.76649863659121
3,2019,2.035563765281444,98.8725406084634
4,2019,3.110510522048437,94.62150875250161
4,2019,2.5264364983991863,96.19424356992967
4,2019,1.303504291623828,91.54313500329289
4,2019,1.440012386037964,111.16313417198133
4,2019,1.9673513102991627,97.82636244812402
4,2019,2.8467271974042703,98.04896303648879
4,2019,2.615559167506267,99.06644675850458
4,2019,1.9363376619055555,95.05565657168587
4,2019,1.5159244150315678,110.87069103204696
4,2019,2.329458130635753,77.33459156159235
4,2019,2.0720885223189542,102.06281706979955
4,2019,2.191595140862477,97.02109462803978
4,2019,2.3028506665774353,90.8671676003127
4,2019,2.2302666024595084,92.10164577601297
4,2019,2.1567131459771307,88.58892748229758
4,2019,1.9429134362868759,95.16137711900484
4,2019,1.618529781527175,93.41884138641129
4,2019,1.9765776649385909,95.51603393687385
4,2019,1.9899041468085723,109.72957754049561
4,2019,1.886942005570195,116.24850358375855
4,2019,1.7669907781349492,93.21425038391452
4,2019,2.563175868041839,97.55144579015767
4,2019,1.9805378929470825,106.32749594866351
4,2019,1.4908378814428231,116.83207355321215
4,2019,1.4007590598450612,105.90585518612653
4,2019,1.5544165326641621,100.66650651266407
4,2019,1.846833707439464,99.57744259456108
4,2019,2.2882530676689443,105.71790278058634
4,2019,2.6452111381748544,96.13544037734674
4,2019,2.311856137335611,106.62645012450564
5,2019,2.8138543890752366,100.65953998048019
5,2019,2.3269728245409027,101.58488937083055
5,2019,0.8350957138195625,120.20756049180477
5,2019,2.078986831369879,90.87111089581609
5,2019,2.2320389495847115,109.75745381172973
5,2019,1.566958666755962,106.91603287795722
5,2019,2.1637705739986943,105.91436338926734
5,2019,2.1784953051324316,88.6688221450381
5,2019,2.0166767155616543,86.09199467753812
5,2019,1.958321420366967,109.16526641404127
5,2019,2.1012241768193958,108.1363266996631
5,2019,1.4788662836549027,110.62338736528099
5,2019,1.9512683979399446,113.67334298217455
5,2019,2.2364972037753152,91.84950321836337
5,2019,2.324498953256921,111.94686764172661
5,2019,2.1281535145907746,109.8335006074528
5,2019,2.092375510576646,105.07421282579769
5,2019,1.9876558904638115,109.4722653388697
5,2019,0.9795605673057426,85.37542594401648
5,2019,2.118742900733432,113.834194580582
5,2019,2.1163735776123405,102.19546500351623
5,2019,2.659271739283873,94.63686453480702
5,2019,1.9877151594060403,99.16197074330162
5,2019,2.0076686201937415,101.09505183937846
5,2019,1.2422550576007616,78.70216448376982
5,2019,1.38260100955,116.10587812813904
5,2019,1.4695506821064914,72.16651340266931
5,2019,1.632992834584438,102.56201134691429
5,2019,2.005121961719986,88.58725483056041
5,2019,1.442588024443308,109.68001012289339
5,2019,1.8090999232819986,110.49954062092777
6,2019,0.9619102575404144,99.45820422197431
6,2019,2.13520709608525,102.23590637187354
6,2019,2.0854950101046286,105.08085391708956
6,2019,1.8045851791580785,97.65700007300306
6,2019,2.159014374871847,100.0454005602273
6,2019,2.4505682407985887,105.86713092199997
6,2019,2.2414185117461827,84.52309853230639
6,2019,1.0412725310613076,83.5349088415
6,2019,1.5820636413725744,99.58236375265487
6,2019,1.8542509259886204,108.1467390675132
6,2019,2.3428643656968506,131.74906829234413
6,2019,1.2117022082978939,117.75879719008317
6,2019,2.0645270014666317,112.35386202857865
6,2019,0.8926983784250564,93.29821711648323
6,2019,1.7452228244771515,104.9832206706831
6,2019,2.004387400472722,102.47184508563595
6,2019,1.5044433260372814,83.59463039410477
6,2019,1.4895973339573665,89.54690645352869
6,2019,2.2754472645395034,101.42664941397649
6,2019,1.7972695959554263,121.70446459490572
6,2019,2.0291319993659767,94.65222235970434
6,2019,2.4923463129347248,97.11086775960457
6,2019,2.139650360933142,74.46948776029727
6,2019,2.515601080743042,93.94500018020625
6,2019,2.413848786873829,107.9047834801541
6,2019,1.443646260583789,79.67791090627452
6,2019,2.463146964212713,109.02932676508499
6,2019,2.4878276247283253,104.29188297317879
6,2019,1.1606508624278882,105.6675915802695
6,2019,1.7079688382512896,100.12971648414728
7,2019,2.497649265538941,84.2474984561718
7,2019,2.644264246088172,106.00269970891699
7,2019,1.7208391082336754,106.52401543687286
7,2019,2.0995545456777354,80.75037091254507
7,2019,1.956031071025686,91.0340166049356
7,2019,1.592100603990644,88.20393038104184
7,2019,2.3349194695494457,97.33441323462237
7,2019,2.3759550450707323,94.10087313959664
7,2019,1.4029202363606301,98.39596316555149
7,2019,1.3711734472660821,110.97874779922627
7,2019,2.0115784607978924,110.92782133856778
7,2019,2.2890864160351354,93.58418553667494
7,2019,2.519031218584891,102.41258911089878
7,2019,1.5869882410662202,123.19791598177243
7,2019,2.3753784386568686,95.56752338453325
7,2019,1.1813204181832986,98.77305679626062
7,2019,1.0513854047366125,112.53238912518138
7,2019,2.516015495615932,97.76618354897094
7,2019,3.0569626362547986,90.16355649807568
7,2019,2.6425902702544795,102.77095723136316
7,2019,2.973068726489429,104.32340937724342
7,2019,1.7663189241394464,95.57144268373983
7,2019,1.8477648249399756,90.23772664087737
7,2019,1.1770521864186523,106.99235723676134
7,2019,2.7671750203840277,91.95579056538632
7,2019,1.9152940945443775,98.8923196166651
7,2019,1.7442402754993058,99.78558009983622
7,2019,1.6240065765508223,91.50014653425603
7,2019,1.5475604247058845,81.48825573650518
7,2019,1.8440364385391241,117.4319575367464
7,2019,1.7530160288587044,91.47134248250985
8,2019,2.0081646710540806,119.47469440258274
8,2019,2.052429289550791,100.00672837747256
8,2019,2.0387245512005676,98.0323196898641
8,2019,1.8088096776867542,104.67731047064582
8,2019,2.0256141501956835,93.86055634419844
8,2019,1.269864620661494,113.31221401629408
8,2019,1.6797270923586416,96.5200391671038
8,2019,2.432565739544669,85.37205982592337
8,2019,2.0030960812731724,95.00516354116797
8,2019,3.066892100474997,64.69098657578806
8,2019,2.0774338159627104,113.09586687265642
8,2019,2.674506546035647,94.00092097183187
8,2019,2.216609884733124,98.16120796417624
8,2019,1.8118810287970244,87.63247519775504
8,2019,2.5399966960892573,107.94652333213386
8,2019,2.381361383912561,87.2792918750711
8,2019,2.5243301450286375,94.33762466566252
8,2019,1.4452489041442986,103.3402144996753
8,2019,2.9090161446307157,111.35664877069985
8,2019,1.9294299202163177,93.0200861037628
8,2019,1.6861595506158542,89.2305190605912
8,2019,1.455694218283544,105.97512695780495
8,2019,1.6577132240245205,99.47332516775984
8,2019,1.8410290708795092,106.49755457496497
8,2019,2.4241981038998666,83.7515772986958
8,2019,2.766425338483778,102.51461247942505
8,2019,1.8531244874743789,89.59760829795569
8,2019,1.4004894343968481,87.45398467559235
8,2019,1.642200725922328,96.66293346237958
8,2019,1.8883699365496553,103.66089963553888
8,2019,1.6690505415778425,105.3136806602851
9,2019,1.6791469185836887,88.08802162397264
9,2019,2.5399907485358146,106.6561502726515
9,2019,1.0521092106498235,92.95058400871463
9,2019,1.8058155769207396,102.78162367330664
9,2019,0.8825578172695798,97.34384883443093
9,2019,2.3269024718290625,91.13864801957129
9,2019,1.7958205772138935,101.10809367080394
9,2019,2.4831793285711776,100.36038888472663
9,2019,1.1663917356842384,93.98716828408753
9,2019,1.313000590382512,106.36341561975328
9,2019,1.4322945390344008,83.49422497575767
9,2019,1.4409325286939207,94.5334910260592
9,2019,2.269973495693217,86.43091244849502
9,2019,1.465849641731268,91.32022537951536
9,2019,2.059780672145602,96.67676037106294
9,2019,2.0058272276740445,95.74267706880055
9,2019,1.9483364428852632,96.57008309139752
9,2019,1.6529072316048623,91.99646325011828
9,2019,2.6765554148802555,95.07562328688607
9,2019,1.5116475517661068,103.14036130861133
9,2019,1.0249302676861616,96.8969556463195
9,2019,1.6866359493041287,101.22314149384067
9,2019,1.6219652767261366,87.14981645039471
9,2019,2.575174024486018,91.36896268492627
9,2019,2.414821291342631,86.632464559022
9,2019,1.9399089358540582,81.33555721244966
9,2019,2.616876351123484,114.67308811520338
9,2019,1.9826552857618744,98.64249475926182
9,2019,0.9409613717631102,89.22668395268552
9,2019,2.8693248424216398,86.47052166345242
10,2019,2.39576474925492,99.0906687039051
10,2019,1.0940338346644412,82.82491759241125
10,2019,2.1078559222769138,106.46170489425258
10,2019,1.243872487798804,90.6415814188642
10,2019,1.2295719296088028,100.17695322788519
10,2019,2.724388311173932,102.50650729324167
10,2019,1.8495461282200776,94.11393789527284
10,2019,1.704962805620566,109.05082214190283
10,2019,2.6062889834669365,92.20863728349731
10,2019,1.2151938809003853,99.29265178977708
10,2019,2.883897483756964,78.6900414902507
10,2019,1.8110953087321808,86.32720948351823
10,2019,2.5711808240943554,97.27323499479274
10,2019,1.1979100540333194,97.28451179013717
10,2019,1.8081110917695136,86.77452869954337
10,2019,1.0286366291598381,106.0306549464257
10,2019,2.5959190414465136,94.91388929804218
10,2019,2.6906833035553026,104.17234479065168
10,2019,2.5324696786749286,86.93161682488063
10,2019,1.9248685297610877,73.18141546130336
10,2019,1.886778721855011,100.63238830847256
10,2019,2.2341605356163163,94.55676305107201
10,2019,2.1569615446612094,108.62837112885255
10,2019,1.649176526115598,100.44891995401447
10,2019,1.7342242917397708,117.78623608482802
10,2019,2.56144115684513,89.56083144295528
10,2019,2.643922581094938,118.25022342121424
10,2019,2.4963186721583446,97.44313342029938
10,2019,2.3228928802448534,97.72746238204067
10,2019,2.093424768487006,105.48886585425288
10,2019,2.141701572395062,92.99673079448374
11,2019,1.457012626163295,97.77427849522941
11,2019,1.249827691696813,112.20121012956912
11,2019,1.6600873629036095,103.18777907130925
11,2019,1.9851979038920033,108.79927016163614
11,2019,2.2045868119779737,112.50907232725625
11,2019,1.8374166227227315,99.17085703393528
11,2019,2.1861433358433415,111.95993309363445
11,2019,2.1558783684757934,89.72415703628602
11,2019,2.176060251980256,92.0981666045182
11,2019,1.931468438762969,102.59136024360292
11,2019,2.113193442675912,105.057827824486
11,2019,1.1037983891380592,113.1674912603581
11,2019,2.1257823641158504,108.82431924822886
11,2019,1.6640220831362187,114.88414120928178
11,2019,1.617176858383917,103.53773187547695
11,2019,1.8106397416938733,113.86733206726458
11,2019,2.5231982532631143,95.8846150929612
11,2019,1.194217075878266,93.20152833356501
11,2019,1.7785691529606997,88.89677757241772
11,2019,2.5726117712440173,116.42233279046019
11,2019,2.4757105073075745,103.10145931637392
11,2019,1.5125969498813014,93.26778111179163
11,2019,2.154092374924174,108.94411176314892
11,2019,2.0613616481311725,95.54479466653176
11,2019,1.057846659012053,98.71696512564962
11,2019,1.8496382327911336,92.72862934916112
11,2019,2.3704862683942904,105.27244837234686
11,2019,2.217496356412492,96.77413892286668
11,2019,1.1642544849785632,95.23807196102113
11,2019,1.3423435916897581,103.25024655928458
12,2019,1.7250393130759636,112.4942814642651
12,2019,2.048452283503946,97.7942558785035
12,2019,1.3409119678647297,99.12134303460768
12,2019,2.1529448642167566,89.61142582035409
12,2019,2.8600785267863733,95.65375297026158
12,2019,1.820372534792109,98.2627159872494
12,2019,2.5650421960341956,118.44676364435685
12,2019,2.4667952590083906,110.74684938566764
12,2019,2.0627663277168957,89.80972457635231
12,2019,1.7576116558268002,113.74825123913294
12,2019,2.239655713347498,111.29626570381492
12,2019,1.7276525986521296,88.38349341628648
12,2019,1.1127004591301277,87.97247619577263
12,2019,1.730802728261179,117.87949133742967
12,2019,2.217657151942975,76.16848488953092
12,2019,2.6720643133475304,105.4016087132421
12,2019,2.0742921995631964,109.98361708198934
12,2019,1.6318417275934203,116.10783771121623
12,2019,1.6581550450776636,112.60026063048167
12,2019,1.3440090334871964,107.67846450988947
12,2019,1.3571938351802169,101.05482726552566
12,2019,1.4925223042786415,85.46794813501282
12,2019,1.5342693368022606,96.4089457206893
12,2019,1.5775551370141137,112.63360315356715
12,2019,1.9232047593820134,120.27666495212685
12,2019,1.8891424936971972,95.81405550249077
12,2019,2.4342767171783577,98.85449910652463
12,2019,2.2837487161748067,100.2739353722528
12,2019,2.071621082800979,84.94088567585537
12,2019,2.1970230564753135,94.30164620382521
12,2019,2.207159516173501,81.62179997691132
1,2020,1.98413681743153,103.29752774887146
1,2020,1.650325592211739,118.35419760764015
1,2020,1.9074817159248143,101.29954757361779
1,2020,2.2976004486116413,110.01756730165097
1,2020,0.4665475836152806,99.88235623248853
1,2020,2.0811713562991643,84.58609715261248
1,2020,1.668300444168271,87.98440859412841
1,2020,1.5230517005178912,101.66251426453034
1,2020,1.5498363293614488,99.64347579272348
1,2020,1.667411498028128,100.11155080198789
1,2020,2.073759406367449,114.12726489943586
1,2020,1.777787336894332,90.35302607311014
1,2020,1.7488154375397855,102.15220009155078
1,2020,1.0282402803489301,108.97865146761123
1,2020,2.0653285810654007,79.699471563624
1,2020,2.2728881913312122,86.6082592501206
1,2020,1.256845046236399,67.83342941282402
1,2020,1.9989254099610052,85.09562432677467
1,2020,2.5793692854051233,109.67741884949588
1,2020,1.572505686710536,113.20482513400293
1,2020,2.222731744626241,102.91757797635616
1,2020,2.081835590443129,122.18810469923959
1,2020,1.7689019282110099,105.50831508838888
1,2020,1.4492533456059313,109.8450660086237
1,2020,2.360673121785256,93.6299663524844
1,2020,2.3674190067703367,110.23661843936316
1,2020,2.337648131256921,98.85461412423976
1,2020,1.5228014986355753,102.10536834018215
1,2020,1.746647210737328,104.43651712829613
1,2020,2.515778955281012,94.8023142208904
1,2020,1.9189913611933147,105.14449140923574
2,2020,1.577938736180968,90.02602818440943
2,2020,2.1398505998287587,112.83440394393261
2,2020,1.2195225596388939,86.75140005886263
2,2020,1.6004620396578717,115.57000288554096
2,2020,1.7926362027344342,95.1830721839881
2,2020,1.7652796140334996,94.38277326846377
2,2020,2.0594098682986792,95.2729121059453
2,2020,1.7442431632224769,100.48901733250354
2,2020,2.7045819587047792,103.06850675324281
2,2020,2.4395242189649844,108.25746867107412
2,2020,2.0370297873717247,97.0940293299346
2,2020,2.618643955051092,95.35407545994701
2,2020,2.2388431289970545,110.82927542921503
2,2020,1.2983095652024348,84.72542439271136
2,2020,2.7265130917044003,89.02410903712726
2,2020,2.0796785037491463,106.80579153828499
2,2020,2.096011286987399,99.15017292591948
2,2020,2.065770412962022,98.16420752812928
2,2020,1.794340219093657,115.79145028837465
2,2020,1.8251239130255947,96.05780819759195
2,2020,3.3369396759526886,98.45179186396464
2,2020,1.4016786615958234,96.69663912804047
2,2020,2.25108972778224,121.01368094787517
2,2020,2.078349468660794,117.51233707362606
2,2020,3.0787051822044136,98.29133107836292
2,2020,2.52408708030463,95.71601728837419
2,2020,1.5897118719828525,106.49724235190867
2,2020,2.3499241155729744,94.26208171354347
2,2020,2.4497565891431634,89.94412562279959
3,2020,2.481641067250191,109.81727721493472
3,2020,2.097982866364085,104.43527005834487
3,2020,1.1343823392499894,105.80136419537331
3,2020,1.9981332958184366,105.39221536154541
3,2020,1.6035735871851062,102.95172243215801
3,2020,1.7914003863111037,79.31290727211359
3,2020,1.178948431978829,103.46967320642818
3,2020,2.8057528582988542,99.26269079529905
3,2020,2.6422649815057113,105.74229180850553
3,2020,2.509277208349783,109.55497983967578
3,2020,1.7131415878436966,91.27861249721903
3,2020,2.5548710595636868,92.59563086509016
3,2020,1.8964748124046849,96.39630888907341
3,2020,1.154164819783405,106.8930025494724
3,2020,2.917130258835571,91.21078186508595
3,2020,1.9922301811946195,82.17813918344902
3,2020,1.718358080778737,100.26481802821706
3,2020,2.124488128586598,104.10543868980555
3,2020,2.5409870478641707,99.13300247965614
3,2020,1.7856026844443642,101.027575406137
3,2020,1.3719646246676134,96.23973994291082
3,2020,2.45183897919731,104.4538869802256
3,2020,2.053532201478545,97.86451351405714
3,2020,2.163896592614101,109.05218074639365
3,2020,1.8302733795315718,76.55245758564125
3,2020,1.628990109198846,95.48818544935942
3,2020,1.1895974606530069,100.21078824221458
3,2020,2.457215803723775,109.49051488227298
3,2020,1.576967067501613,97.24091564920202
3,2020,2.169370988071692,92.11985668076863
3,2020,1.984178767584638,86.52939948343455
4,2020,3.231087081820164,107.62210412294691
4,2020,2.039355772827814,100.90251168755927
4,2020,2.033167391820893,102.34186825167677
4,2020,1.799670446360852,100.0414195765516
4,2020,2.2075905219368765,93.61566938994014
4,2020,2.069922727982954,89.68415415481377
4,2020,2.156071756210417,110.61626853306306
4,2020,1.9593670512302157,104.09507239692572
4,2020,1.2407593115660784,108.66915319263384
4,2020,1.8768134084185573,128.1161952502142
4,2020,2.7219743151370794,104.46247578921117
4,2020,2.0488625824313,86.3512480091135
4,2020,2.0323634097067202,101.07327631889693
4,2020,1.8284348074246108,103.78520494710199
4,2020,2.15712898266278,93.75777922955092
4,2020,2.220986196895696,108.42048988464137
4,2020,2.155309299371456,111.33807112155425
4,2020,1.3300433405602874,101.02936815908043
4,2020,1.7427557182500943,101.44960449090901
4,2020,1.3564248671671035,107.72680075163943
4,2020,2.1409363820818985,105.16802936364539
4,2020,2.0433330271831256,105.71227609372079
4,2020,0.8032594912639928,92.93387145931534
4,2020,2.2765018191875397,88.4274917156364
4,2020,2.493353571721884,118.77918717747808
4,2020,2.3783500233379,98.78599716602615
4,2020,2.222028759173131,90.00637089710422
4,2020,2.3750653336362335,89.50491679307486
4,2020,2.0223923772166796,92.11908050834114
4,2020,1.385156448964104,105.61327164972901
5,2020,1.6272855747269601,98.9390659255793
5,2020,1.7370869584341082,111.86623323433149
5,2020,0.7815477946371381,99.48048951785476
5,2020,2.101944093306575,104.09668138284448
5,2020,2.372843347499742,113.05465042851192
5,2020,1.3051963163725504,92.63801119115215
5,2020,2.138297547654282,101.23482859197028
5,2020,2.112540311144758,94.268451926827
5,2020,2.285609471708654,90.40572249872429
5,2020,1.5413642399276006,104.18081609003367
5,2020,1.8439774998113976,109.05362055967447
5,2020,2.104233311506282,106.28705119435911
5,2020,1.4197544411029424,104.54082502990629
5,2020,2.4630828069788597,102.08873199055876
5,2020,1.7389706408252184,106.12378481343394
5,2020,1.6490043003297683,86.80091560235921
5,2020,1.2972498382863926,99.08753472139814
5,2020,2.30184638018845,107.47971419853366
5,2020,2.6138213864411575,92.1011966529635
5,2020,1.649178669076603,102.28886733789622
5,2020,1.5084668016718923,93.5572515671986
5,2020,2.1337713018678066,97.68619817567728
5,2020,2.0486830047952416,107.48804553967528
5,2020,1.3368011800491104,106.02984767296881
5,2020,2.1657003564909445,122.93930185063886
5,2020,2.5979765953286775,99.15286738052163
5,2020,0.8761585344996077,101.35308336928207
5,2020,1.2477707820703223,85.39393531984268
5,2020,1.1714939791267136,95.47984704431228
5,2020,1.6390441232781503,84.65908065441926
5,2020,2.2679687378905617,96.79545790802327
6,2020,1.9261906761607839,93.46405966146355
6,2020,0.8926903958203003,102.17579425148388
6,2020,1.6794039512487569,95.26389098750178
6,2020,1.310340055134809,94.94474542730528
6,2020,2.9324587594240326,90.88681772515896
6,2020,1.3502608684625559,98.74283148279235
6,2020,1.7795010476479876,90.06377608650178
6,2020,1.6688030923125683,107.76207049085099
6,2020,2.2183216144790525,103.33162957615517
6,2020,2.1632382322846513,83.98038661253102
6,2020,2.412006749539877,93.76026637887499
6,2020,1.9299505640763834,82.56359496628289
6,2020,1.2646125637051626,95.36963064366684
6,2020,1.3825355991670045,109.3819358409329
6,2020,1.8807127758884916,99.09421215658551
6,2020,1.7760444479718498,96.15636096700206
6,2020,1.1299293280536267,110.5942707102607
6,2020,1.9923490040529654,104.88969667467555
6,2020,2.138578775805178,96.49140500190322
6,2020,0.994155598194459,91.93566106895786
6,2020,1.9052443420200391,111.99559048437423
6,2020,2.4463965987006486,96.72257876009547
6,2020,3.0346324546642416,105.37522202725648
6,2020,1.9448772120412667,98.71781323671586
6,2020,2.5001585393512196,99.91741333837423
6,2020,1.2378183016170723,102.50998246891695
6,2020,3.154618033175195,113.18399853784432
6,2020,2.33067817599143,107.5816166291457
6,2020,2.13359442286299,95.5474087312895
6,2020,1.9916213315695075,97.60562926798525
7,2020,1.5851170069060796,79.83029688353054
7,2020,0.8116474510521672,101.24110495461481
7,2020,1.7084699707409658,88.40291576350998
7,2020,2.2846826145163397,109.36042291721438
7,2020,1.989005238348443,91.13781032889825
7,2020,2.7986327396941215,111.37749192387392
7,2020,1.4143578200865634,116.96196456175494
7,2020,1.29844952000281,102.22950125271801
7,2020,1.366859233311057,80.70007276832273
7,2020,1.7118303783625124,84.01081801519638
7,2020,1.635831637152048,96.87157589624772
7,2020,2.3384577951274923,95.70365668937887
7,2020,1.9717759269803254,107.96429501418298
7,2020,2.205388746330575,104.91760143065858
7,2020,1.701985259730285,95.25130656387338
7,2020,1.762831841791956,105.73324550204512
7,2020,2.311966483631233,99.44444770355767
7,2020,1.0921175524330136,105.59114817913704
7,2020,1.735948322360242,107.05222709604425
7,2020,1.5678181893633003,107.18499254708446
7,2020,2.089917385210809,85.43346342688957
7,2020,1.8010971761810208,106.54133381044785
7,2020,1.8215421260272546,100.86892676780319
7,2020,2.3510381246661005,100.78111469873286
7,2020,2.660900074058929,106.97911368184583
7,2020,1.944480382195836,92.89637840383278
7,2020,2.014319961711035,123.62872301998718
7,2020,1.650211440505211,102.20060715017514
7,2020,1.984410449685853,109.05217271117476
7,2020,1.740686240850373,97.00355377235243
7,2020,1.8886799671572623,85.88447053211496
8,2020,2.362441722526374,87.87428190504173
8,2020,2.6594493952110216,92.99373551728279
8,2020,1.775098736740284,90.84886157394695
8,2020,2.9507387439661112,109.06721678537369
8,2020,2.0354025449592092,89.4570117215589
8,2020,0.7191672328052567,99.24857873062204
8,2020,1.9192883632049134,107.59648582465773
8,2020,2.256928210520485,103.89018206465299
8,2020,1.996000662323735,92.59158083926863
8,2020,1.5587557999849557,109.50431197014166
8,2020,2.162845148256815,90.5037522142478
8,2020,1.50190260861887,82.04467972563656
8,2020,2.380514343579058,99.36680974483029
8,2020,1.850570111073514,102.06150426765473
8,2020,1.3100572241531436,99.08671876277049
8,2020,2.245048735353193,97.76230399754333
8,2020,2.0264485110055612,90.04728531852011
8,2020,1.8427232939637974,85.77878653182489
8,2020,2.5945235934873545,98.11152632503321
8,2020,2.257943965876273,114.86488098120272
8,2020,1.8737291357384653,110.13114721291474
8,2020,2.7830027989817334,85.69114924809271
8,2020,1.3829869639130123,93.17716483727172
8,2020,1.7459410665072626,112.55102565161013
8,2020,1.8938797953943327,103.2000181511276
8,2020,2.4323269406432786,84.59723883769193
8,2020,1.4461572385040031,110.32291722335846
8,2020,2.0465478060651616,111.97542232276527
8,2020,2.3634162052000707,91.54050585350217
8,2020,1.8282903457818334,109.57754563479801
8,2020,2.140623888438319,101.24116169643958
9,2020,3.123426710612238,105.66028877125915
9,2020,2.2537064047029123,100.99703757044496
9,2020,2.2745590057490466,102.32080547612478
9,2020,2.0850842220920827,92.45244936524814
9,2020,1.7423365392053087,87.10204666076496
9,2020,1.6035007675514532,81.70344262863134
9,2020,0.9803114399778123,86.95772132697056
9,2020,2.4646726606231253,103.06454188177257
9,2020,1.9175476910456786,95.58816546004243
9,2020,2.092216930448764,93.53361758385358
9,2020,1.850396148800895,108.5028856979584
9,2020,2.5409591060237977,95.00287259939263
9,2020,2.791176991836756,107.08402461139463
9,2020,2.0028395309736533,103.3633483436494
9,2020,2.1966474035746018,75.96465375603594
9,2020,1.7266349286494114,106.80091625775376
9,2020,1.7754543413377994,100.66180956993755
9,2020,1.7137543675181972,89.81139253624829
9,2020,2.388786294408363,106.04556311104783
9,2020,2.4814486011276675,77.56785284729989
9,2020,1.217321046630122,102.30603890176589
9,2020,2.375945123168692,98.93955635228615
9,2020,2.142632013792785,115.57695102159249
9,2020,2.13708310892125,87.7860493282916
9,2020,1.9798884150710532,105.00143783169915
9,2020,2.554673662629245,95.69049816108685
9,2020,1.9906133903316219,108.93358860084491
9,2020,1.8922401605940014,105.245851404569
9,2020,2.1891690706572953,118.3710166794411
9,2020,1.3943510244572899,103.08201379171658
10,2020,1.715089867623583,99.68891068832399
10,2020,2.106037864304614,102.31958533322847
10,2020,2.2277669284675303,126.45078487426238
10,2020,1.9165497564115372,93.39704857918737
10,2020,1.2826714667580095,81.82629977998019
10,2020,1.3591919615347132,84.30997576241836
10,2020,2.559603392609975,103.12419632446964
10,2020,1.9960815293331644,117.05915175601976
10,2020,1.8395192840316965,103.21641288916686
10,2020,2.1896469624882173,97.05749086808412
10,2020,1.5438341567863711,87.57572622771893
10,2020,2.1285672725937688,86.41099343025768
10,2020,1.8532657154962182,99.78631395542997
10,2020,2.696692502937968,86.03521599184859
10,2020,2.7411532973607686,99.58689438487083
10,2020,1.2386646600993148,117.98515396199448
10,2020,2.0871894604114387,84.27588420707127
10,2020,2.171167339475811,86.84656354732476
10,2020,2.2526444774533245,92.7146461357602
10,2020,1.5544515144150237,88.18330280412353
10,2020,1.3450176062873482,111.12247818633402
10,2020,1.55727457443392,80.04141244834284
10,2020,0.8494340421981941,98.30911752133771
10,2020,1.9372733320196134,79.51769582901586
10,2020,1.6627989545337865,103.3550594434783
10,2020,2.2252141144988964,86.36262216266609
10,2020,2.667286053457544,86.62609132323186
10,2020,0.6849250761723018,85.27337097928081
10,2020,1.4284543130418696,79.84756707256156
10,2020,1.8110332497857553,114.91724741220298
10,2020,1.7098062358346082,102.81678302385527
11,2020,1.3270895597774455,106.59364283179916
11,2020,1.002904238010671,113.23039164078455
11,2020,2.4973588093317978,105.40090606780409
11,2020,2.448467560990855,100.86309417387449
11,2020,2.0871252025319613,85.30774960128699
11,2020,2.252060585783532,98.81569436097263
11,2020,1.9685659409014726,105.95147270808106
11,2020,2.3720605394876344,78.7888758354393
11,2020,2.0096347304190147,92.80522139981667
11,2020,1.082301149712198,99.90174214839827
11,2020,2.289365604160669,105.32908578490932
11,2020,1.7392700735588378,104.79375828244466
11,2020,2.5134118759867663,103.42093261381571
11,2020,2.221759550114521,96.77069786899334
11,2020,1.6220578803270833,100.50037065214113
11,2020,2.4495099472005553,111.03830572982255
11,2020,2.206309952872187,102.12780962973557
11,2020,2.395884588740234,97.23894453470841
11,2020,1.1137597447483898,107.71208112006178
11,2020,1.9043119141699283,81.47870879501737
11,2020,2.5316674480571004,110.72768169872849
11,2020,1.591365674643576,91.31843303488873
11,2020,3.235163295053998,92.78494858815861
11,2020,2.6299106690625846,103.05997982012407
11,2020,1.4100556360251746,96.07772336903759
11,2020,2.597434068802739,111.52349684150268
11,2020,2.129203582524838,91.0219302147858
11,2020,2.2444763395626666,94.24562387969401
11,2020,2.100442432703844,92.01967403337527
11,2020,1.955266936391473,98.28136029521218
12,2020,1.6963483864854945,103.92270241125688
12,2020,2.1339311890639174,113.30422988811381
12,2020,2.0990463759275997,98.35382100914373
12,2020,2.1416924908584494,114.46280329248432
12,2020,1.7271305756569344,113.35553941603519
12,2020,2.043113230571121,106.03556984655242
12,2020,2.4409120052268563,107.3576231833297
12,2020,1.548499746808075,107.06604773519703
12,2020,1.2741680250800251,81.11304637027473
12,2020,1.7439846748979733,96.78187014659176
12,2020,1.6025963266262204,90.1463583402073
12,2020,2.7556942091287344,94.8353661410911
12,2020,2.1990258183588542,106.10491205104542
12,2020,1.828305903315104,103.65196653594117
12,2020,1.3765068135155505,98.42819745596876
12,2020,1.8042765501072877,107.73983679389183
12,2020,1.3675014083932222,100.1236244764006
12,2020,2.776321157313631,83.4421211575971
12,2020,3.3397933060479574,100.90582640103867
12,2020,1.0192190984220773,97.14444564427708
12,2020,1.2730857414421914,93.61770218025586
12,2020,1.6366562248306347,113.74807092288569
12,2020,1.6594944366527973,99.56658769113005
12,2020,1.4192694538205362,121.18437618431578
12,2020,1.7080033009129116,102.63191724404874
12,2020,2.4844714284105205,106.54849958234186
12,2020,2.29928458390829,94.81660463331474
12,2020,2.3221188995757016,113.69180347222266
12,2020,2.2831678678684186,92.91962234781441
12,2020,1.895599515083501,105.40086749650331
12,2020,1.6115955630170022,106.01428023701195
1,2021,2.11071237767195,104.23137574237825
1,2021,1.4531800644995434,106.82348322155426
1,2021,1.59458938162628,90.83205987183575
1,2021,2.1594431101362974,109.83596053908279
1,2021,2.471486118920221,103.94471715166449
1,2021,2.4031018900703134,101.66565375133855
1,2021,2.1990286608849305,112.4639352782973
1,2021,2.743127296250193,99.27361624371156
1,2021,2.548847817130567,102.45661822847968
1,2021,1.413072075416829,94.76301192174928
1,2021,2.272832749994926,83.74028704790766
1,2021,1.6655763634716505,94.24486806785933
1,2021,1.8630590706530408,110.0422816511108
1,2021,1.9179772364910368,107.85113871165748
1,2021,1.9401911872852082,100.51797045478891
1,2021,1.9531986171435765,92.05925571398407
1,2021,1.7864052055256703,83.36683556960617
1,2021,3.382013176000698,97.02166871079602
1,2021,2.776974549938785,113.18222891525211
1,2021,2.7322374297618763,90.1553328372172
1,2021,2.271648311169697,69.91491118756423
1,2021,1.9754632935722938,93.02550042049427
1,2021,1.618488969372171,95.01429490645262
1,2021,1.952783351553569,120.12924372095179
1,2021,2.2408331586876487,102.1141716093192
1,2021,1.1628556895230053,84.57825842264727
1,2021,2.3548453213667937,100.83312269863738
1,2021,2.329620971494513,83.19862237897728
1,2021,2.103256656041718,107.1718373868718
1,2021,2.367481483130587,105.8037706949539
1,2021,2.612272544933255,93.98468502677308
2,2021,2.01940358724446,121.92392475656426
2,2021,1.4758401406621307,99.78739221613925
2,2021,1.0552491771125396,87.20811315944175
2,2021,1.836451242870572,118.45959498781923
2,2021,1.9036744587176655,103.4228284372891
2,2021,2.099666396553219,88.6773059214139
2,2021,1.9582368872204057,88.44747770228271
2,2021,2.204754526809595,115.00929789898305
2,2021,1.6736942274954094,91.55138470281484
2,2021,2.4211095715645676,94.10161381475608
2,2021,2.3742400067713203,102.49677081872731
2,2021,0.9144220409022472,112.21577611874953
2,2021,2.3376835360528765,107.80685967226692
2,2021,1.592120579836798,103.29185464108338
2,2021,0.932121089218799,95.74117523482012
2,2021,2.3805048992084927,93.74306828864741
2,2021,2.493950832445649,88.41287215328977
2,2021,1.3705819142483597,106.19142110061662
2,2021,1.4457128200892337,122.5257155314623
2,2021,2.3044440053138766,96.03882143407007
2,2021,1.2932236901944472,82.59043846936706
2,2021,1.5172564643458788,111.61841006035372
2,2021,2.6946666919080915,99.88850321911038
2,2021,1.6775061895516452,115.9054422270316
2,2021,1.616755585688085,114.62028888363714
2,2021,2.269152285960027,103.90710664138278
2,2021,1.8261199883783832,104.62257999947256
2,2021,0.7775902263073693,109.44731613515664
3,2021,2.6010663425688607,96.65498686893577
3,2021,1.3878387189528514,80.49808614673167
3,2021,1.070283487763374,119.48214227274516
3,2021,1.3768339312945184,97.24875392165609
3,2021,1.4225552750353314,85.01194052199475
3,2021,1.4294178641968025,108.83281175088722
3,2021,1.845018843426916,99.90759331169497
3,2021,1.479856576597184,93.87625810796136
3,2021,2.3890794434645852,100.16404184098656
3,2021,1.2323601291068615,104.06159965171175
3,2021,1.9132794541980802,116.46538225886405
3,2021,1.7169870226097714,108.27882608344292
3,2021,2.2093587974338478,98.84922701703067
3,2021,2.67681027195586,112.32469624444505
3,2021,2.9057449528036825,83.05320476493878
3,2021,1.8054488587991018,99.92898083576776
3,2021,2.171985730732627,94.39421180320068
3,2021,2.3637119220939806,96.16090284264104
3,2021,2.086059111873299,113.63357497088117
3,2021,2.470462659179796,109.99745548354643
3,2021,0.7872150839727485,86.05106179766489
3,2021,1.7438287974872027,94.15841757743635
3,2021,1.7295298845749811,95.340377659575
3,2021,1.1890602046454837,108.56380822884469
3,2021,1.915841774843107,103.8263680117194
3,2021,2.376987861019223,94.49693811475908
3,2021,1.8280872218543016,95.66681164216915
3,2021,2.6831620566776113,105.71921614090455
3,2021,2.4177522209997706,107.16051641012777
3,2021,2.845670346850736,104.94716187692144
3,2021,2.1337443982361233,93.73942265123425
4,2021,1.3615843124505458,83.22634783070184
4,2021,2.0764470674251747,99.62791171296675
4,2021,1.2426502601464064,97.93325584337363
4,2021,1.5678773359089053,89.41692960231407
4,2021,1.886119388613303,95.1193129113055
4,2021,2.5894467151723575,96.85869652479921
4,2021,2.7890429878223983,101.30964684344755
4,2021,0.6790859224212877,112.8578671275571
4,2021,1.3800423907880595,89.22074771492758
4,2021,2.320126334400489,103.2487498396548
4,2021,2.6003532980549524,117.59515190277253
4,2021,2.4187098608278337,96.3567084636471
4,2021,1.7544614116929136,89.07116245661896
4,2021,1.7281380830213,95.53163245991104
4,2021,1.9484535574552533,88.3983468580497
4,2021,2.05121257941699,96.69326210917873
4,2021,2.2983461613386207,86.938214898257
4,2021,2.432008252052773,99.50193037516594
4,2021,1.9345962680670898,115.55276894384669
4,2021,1.9521854985554374,113.58443458656686
4,2021,1.731952692250834,95.8733216865672
4,2021,1.5450972711436892,104.37790328065672
4,2021,1.6258252085700746,114.7657526496874
4,2021,1.347104572588373,103.83471339804967
4,2021,2.019169142325356,78.5465105949084
4,2021,0.976813164445361,100.42547335407558
4,2021,1.8282131906089112,112.19687321295032
4,2021,1.897092225875773,97.9594647288395
4,2021,1.360999669019173,111.43982099863035
4,2021,1.7602370370266835,98.03902816795171
5,2021,1.6972567717346827,97.6075594006241
5,2021,2.78737598141291,113.69461337213035
5,2021,1.6013648524577069,84.62483965126054
5,2021,1.0467335883928468,95.8837983821333
5,2021,1.769125904567509,98.23782150962394
5,2021,2.136578849384017,105.76307514892007
5,2021,1.675492867980108,102.48227768101785
5,2021,2.8997691002376826,112.45047035584955
5,2021,1.9386357338655054,110.76090050832588
5,2021,2.410975546837998,96.56917340612092
5,2021,1.8606887109426926,108.77833144732442
5,2021,1.938750889967024,81.60172432442026
5,2021,2.2672528525565494,94.45794347924746
5,2021,2.1883681211558756,87.7518079722761
5,2021,2.3813343545673007,104.37064704126097
5,2021,2.335369575249627,101.15207911113424
5,2021,2.1550532259415265,86.14356920957043
5,2021,1.9438654420703374,102.20565541500865
5,2021,2.175043273139388,101.16426254478695
5,2021,2.77019406565839,96.62380705967728
5,2021,1.674414110949551,90.9394538572993
5,2021,2.2428488362961705,118.12115067874579
5,2021,1.5527789935985992,104.49420399346633
5,2021,1.3058235609792115,102.26436499862324
5,2021,1.3006091382265241,91.10383717954511
5,2021,2.1230888815494193,83.34786439479701
5,2021,1.8456058005952252,94.37197362708339
5,2021,2.754997742996926,90.71681399147575
5,2021,1.4532041849382877,89.41351237827853
5,2021,1.983953895019257,93.09976933977624
5,2021,1.659631283480357,92.24579926773238
6,2021,1.8271388968751057,101.68016030685901
6,2021,2.5591912905835006,109.21461305000817
6,2021,2.5129080440727627,81.26148321049774
6,2021,2.269376720494765,104.03574731288498
6,2021,2.1182109042238504,92.39010896366372
6,2021,1.7444028701301864,133.64474097889573
6,2021,2.077863123775028,107.96965202511144
6,2021,2.0357124221030256,103.4474454753945
6,2021,2.3106232917435725,80.54736267379985
6,2021,2.9271268550647562,98.06648717595814
6,2021,2.2672892566005296,120.87844462699462
6,2021,1.5469258753681705,86.22358081253223
6,2021,2.4814146177110974,92.56445233257908
6,2021,1.537246723390369,102.98189095653608
6,2021,1.63268589361329,93.72986628007841
6,2021,1.767796727206332,94.2018853696677
6,2021,2.2172531538412272,112.24439413993002
6,2021,2.017008993554166,105.54600875174303
6,2021,1.078747445622318,92.2315148738316
6,2021,2.0019348357050486,92.79112129497298
6,2021,3.2125739337241557,95.63907030028466
6,2021,2.152371038009779,105.69414905099029
6,2021,2.130763289541193,107.11271010273379
6,2021,2.88019402344584,106.27211394077376
6,2021,0.910007644099192,85.58774025284457
6,2021,1.7680266298473069,107.40707891360299
6,2021,2.158756967490483,90.50345503341687
6,2021,1.6264745029396632,99.23573086771216
6,2021,1.7865964444520448,81.32300824110189
6,2021,1.3941097363763966,94.38819602815634
7,2021,2.4535769662403,100.05172574986378
7,2021,2.1980006247708737,99.31655468703438
7,2021,2.3430947384774474,88.45874923225989
7,2021,1.5915688755673887,96.81227341178982
7,2021,1.869312576758364,106.79425916432643
7,2021,1.608864884405549,102.72586318584091
7,2021,2.302257522168264,108.33748743840403
7,2021,1.3383828862886806,91.50077053823117
7,2021,1.5827470764548295,101.79435905989723
7,2021,1.2154653863176548,101.60431741243102
7,2021,1.9443012003677884,109.70906878995513
7,2021,2.845137915052264,82.70020681006015
7,2021,1.9596679965344823,109.82061977204171
7,2021,1.6445755247335967,105.9629611209359
7,2021,2.222948981499431,102.04709698300974
7,2021,2.2082635243057402,93.98147457533113
7,2021,2.018222844182533,114.92113290813185
7,2021,2.13781406548795,108.42385811967591
7,2021,1.965281441722802,99.30572475640267
7,2021,2.262492622045227,115.52444368658252
7,2021,2.19787123081079,102.79064074099969
7,2021,1.3302756479947684,119.07102230825288
7,2021,1.496498869480897,83.65044668194719
7,2021,1.3826503601677067,107.11344801725055
7,2021,2.3554158133165397,122.53269164245259
7,2021,2.1849328217823287,96.77163354391928
7,2021,3.255189412553774,103.87251798526809
7,2021,2.321110445578625,91.99994814453612
7,2021,1.965632499495021,87.5750207421379
7,2021,2.2484603277375363,99.34609588450114
7,2021,1.918857137999166,99.73158271952238
8,2021,1.2140260215909962,102.8582509740333
8,2021,2.316250586557429,110.62592690627321
8,2021,1.7407150033917551,83.64286313862222
8,2021,2.7993019542070288,113.67728207471211
8,2021,0.916861722590639,103.27316268735184
8,2021,3.580585168907779,107.67186748427953
8,2021,1.892233460550867,95.24422900519465
8,2021,2.2071959907341783,106.3385816523884
8,2021,1.961473438073916,93.62639761637745
8,2021,1.554245354741867,92.5445793130597
8,2021,1.748097227549156,101.38619932487498
8,2021,2.1578081816820354,97.65489821259162
8,2021,2.8767951044956863,122.45602776388249
8,2021,2.2875722306897446,84.84484488727125
8,2021,1.7053848199092192,90.18037992797366
8,2021,1.8631797420777552,109.85906417112598
8,2021,2.4623404682918606,89.94478477590053
8,2021,1.614164971902106,102.10987368769504
8,2021,2.1687336987122388,108.31009968453374
8,2021,2.691976240017684,100.91691643510549
8,2021,1.7052190055870227,118.24582781900196
8,2021,2.195531059068788,102.84894296656626
8,2021,1.9497241539925898,92.64270681581536
8,2021,1.0695689535718353,103.53586684263853
8,2021,1.7548766802766949,100.23910415126461
8,2021,2.0319676972794056,110.4846678146204
8,2021,2.250696237746047,106.58686040327048
8,2021,2.5249915593070327,89.5679247069174
8,2021,1.9857476067403055,95.37244894582571
8,2021,2.3793158693724883,94.28290286515293
8,2021,2.013502041216917,86.65017825403928
9,2021,1.9196470933381493,123.03829788428801
9,2021,1.3053476121364116,104.26838963070183
9,2021,2.4519950449971817,103.3009708564273
9,2021,2.08812959017336,93.10109389063345
9,2021,2.3713149238285856,96.3109845817437
9,2021,2.6006961627061314,99.33730061892588
9,2021,1.548647043496287,116.4527427862354
9,2021,1.6191423433041445,125.11804411074267
9,2021,2.7356273798024953,94.06203161781997
9,2021,1.5373976259596716,107.32721753374403
9,2021,2.2551973925914615,96.58485401326239
9,2021,0.9470126051191619,114.80790811773772
9,2021,1.3925836129005,99.80475113489571
9,2021,1.4339693840603935,102.00345777212748
9,2021,2.2539008526722526,101.65622610744808
9,2021,1.7750482056020662,97.88849269574914
9,2021,1.271312653162877,113.82940035805773
9,2021,2.3912638671618938,97.70169324982571
9,2021,2.9724145515739733,106.79652480107262
9,2021,2.6704888387664316,95.13264848269415
9,2021,2.4937368872964583,82.61655794427679
9,2021,2.0076717820700174,112.79308282130513
9,2021,1.6829211210297597,101.06504803311732
9,2021,2.18472201503929,94.07856891241374
9,2021,2.342568664359589,106.17665193191013
9,2021,2.430396367132496,99.92516786726765
9,2021,1.8437042789893778,93.87731706310677
9,2021,1.8446956552104548,108.57124169044128
9,2021,1.8456958667376215,104.72388556308044
9,2021,1.2746768922781033,106.65960791152561
10,2021,1.9886698762705997,91.07332830559845
10,2021,1.3577472594144429,97.92056337256493
10,2021,2.4085534018622963,86.71639259746144
10,2021,2.2125851954887064,102.63815814014028
10,2021,1.3142564859305454,75.93787982800995
10,2021,1.9740117921679265,106.3346432429237
10,2021,2.6022300197502544,108.74801932442693
10,2021,2.842351151229084,95.50433385722333
10,2021,1.4302146098556454,89.82576190727607
10,2021,2.1824238788634163,83.19948167375026
10,2021,2.098632695118183,95.58488073453896
10,2021,2.4246398574936694,94.40883057973275
10,2021,1.3615343896636265,113.81001158866265
10,2021,1.096825507637987,85.64953328344978
10,2021,1.747894967386648,101.43361099350479
10,2021,2.1165433885902427,107.81004219799306
10,2021,2.5155272257073946,100.03450831165907
10,2021,2.5067877037302386,87.68907494515773
10,2021,1.8683459562005291,93.07028195140336
10,2021,2.0730435695797524,112.10354997034008
10,2021,1.636796862146202,89.79225635276299
10,2021,2.369106680239168,105.56317988730349
10,2021,1.7148596627758004,95.26581340898534
10,2021,2.1807566155570997,123.3383405508721
10,2021,1.294873995157479,115.05014055812923
10,2021,1.4908281183310796,90.00892371916035
10,2021,1.928356596950956,101.07618140766631
10,2021,1.9045991935538853,88.12296434533997
10,2021,2.557272744291522,89.39162566814935
10,2021,2.276490624105269,112.80466322623703
10,2021,3.1926181385603485,92.96421643657413
11,2021,2.892274289891304,93.0415327949408
11,2021,1.7618362935098544,107.736066841473
11,2021,2.115134447328764,89.74659907554232
11,2021,1.631363546427408,103.07620528037405
11,2021,2.764375197714969,95.29132082464156
11,2021,2.4902350260810007,88.97183888781184
11,2021,1.7936116783499403,96.46636626343096
11,2021,1.1944754811953233,102.57890895384428
11,2021,1.4241157630010521,99.06881162213001
11,2021,2.0322221254544477,89.92628128868922
11,2021,2.5439319437481793,99.5356902602241
11,2021,2.359710816827228,93.07563599481018
11,2021,2.097797805880966,107.41558833108157
11,2021,1.7671519146994696,93.35108603157079
11,2021,1.465265778124654,92.92741476207028
11,2021,2.4517438689531086,106.87955127528741
11,2021,2.6813037969215365,80.07338912203089
11,2021,2.594098369675252,90.12178476904703
11,2021,0.9171273809131051,84.66730175155895
11,2021,2.4648924810803976,93.93970288551203
11,2021,1.7237574163368947,91.78438687826699
11,2021,2.0160428884176955,95.4829526169794
11,2021,0.12446284482360692,75.73096198215603
11,2021,1.191678522883548,103.24406353831613
11,2021,0.82397427858436,93.69397921067838
11,2021,2.739307980626193,107.54778873817682
11,2021,1.5482947466360049,95.73622858620806
11,2021,2.3364585870896515,100.55138074902689
11,2021,2.3047666464873418,87.8910094223413
11,2021,1.4324779301727473,100.294693243744
12,2021,1.6742133983296086,112.62271950040159
12,2021,2.3382783174150914,93.99659196931707
12,2021,2.6553994323191237,77.036325747219
12,2021,1.7640086327419071,98.78897082999632
12,2021,2.2169167435780586,100.69367236349498
12,2021,1.4441395241276818,92.45116195067284
12,2021,1.1889941440905885,116.21823061148912
12,2021,1.9373829556132756,113.43890666506087
12,2021,1.9603115787540428,101.52582747253172
12,2021,1.712282456882915,98.65611087041465
12,2021,2.1270346232411588,104.83137890130799
12,2021,2.1406064260185924,96.53691035748703
12,2021,2.7920410811367518,92.35787653931696
12,2021,2.8048320467683325,102.65727014341309
12,2021,1.9784302624721546,103.8546939741458
12,2021,2.251120657783949,113.23513637867252
12,2021,1.3678943508685726,88.44633380442801
12,2021,1.8161545461633246,95.30078194548126
12,2021,2.40620678000867,77.14815130848083
12,2021,2.0417424401101427,94.03879253765298
12,2021,2.129075057553055,89.23212312173504
12,2021,2.477443794543338,93.448334595708
12,2021,1.3144133606981527,114.67840939926805
12,2021,2.6454681217877885,101.4193193687987
12,2021,2.797297440978412,113.10591898105713
12,2021,2.701708702594451,92.70263856003545
12,2021,3.314711180986759,113.84409118537943
12,2021,1.814745321075957,104.24627563935442
12,2021,1.9523023517988345,94.51240241276037
12,2021,1.2714468251984947,93.92867535790698
12,2021,1.9740775646800182,87.44667474320124
1,2022,2.5438567343084744,88.3578591096971
1,2022,1.8067985191936957,108.56159912379437
1,2022,2.203276518486063,98.17378783863853
1,2022,2.5297622819874612,85.57356735236415
1,2022,1.3049762510222378,95.4435952741289
1,2022,2.1847748701451857,102.84073108515268
1,2022,1.6859917112544436,105.51814819310759
1,2022,1.7412512673151475,88.98327983285691
1,2022,2.598786486176747,116.98479313795704
1,2022,2.383776716152845,93.38413926521999
1,2022,2.3962825187611916,101.25876881104531
1,2022,2.392098820615571,107.39592240207169
1,2022,2.535254586270464,104.09648741483882
1,2022,2.692059795898294,99.89639296268223
1,2022,1.6040588101291737,90.43639707213157
1,2022,2.930391087762566,93.14824280569883
1,2022,1.4699487666781075,97.82268187118895
1,2022,0.9485560441776735,91.3470855521121
1,2022,2.343497305623109,100.30179546836332
1,2022,1.9296260748880651,82.4257894694275
1,2022,2.5095356218979554,89.815820079147
1,2022,2.6868790815323447,100.85208873633205
1,2022,2.3203374516061763,106.15118419713497
1,2022,2.2827010402492336,100.87007479611292
1,2022,2.179178663453161,106.44541867853303
1,2022,2.4012762449222844,103.07462912391173
1,2022,1.6932244208127036,90.96469303679015
1,2022,1.6656916146303131,101.81964668980356
1,2022,1.8395970263576669,100.7194014806953
1,2022,3.1522360737609727,122.64272097944378
1,2022,1.5751992053049824,112.10921651238047
2,2022,1.4883418719852501,111.83861946069428
2,2022,1.0440458424393642,101.37722305789714
2,2022,2.176046738716035,94.5803920518183
2,2022,2.385755373137965,109.70154519695437
2,2022,2.5240611238484894,105.21650644753507
2,2022,1.4237626860523456,106.68176731175775
2,2022,1.7460335765821853,107.84927356271152
2,2022,2.1771495863684054,118.44317153553357
2,2022,1.8421438082588064,114.68516477823803
2,2022,1.7573995625581855,106.712624123424
2,2022,2.520219862610623,113.38603110806132
2,2022,1.8875128300857096,96.22246549282733
2,2022,2.0984378878452667,101.39453426014164
2,2022,2.2487861500841513,105.23772529850167
2,2022,0.7924488357809212,91.6474019843458
2,2022,2.758502821447209,88.85520368668665
2,2022,2.174089078705036,107.91751335176389
2,2022,2.312784710216353,116.31873076571249
2,2022,2.157161021234763,97.687290217175
2,2022,1.5359934538188984,108.46910488235243
2,2022,2.1543664577465385,93.05634291187239
2,2022,2.1375005197596013,103.54690604343581
2,2022,1.3442004111566057,120.29191602062147
2,2022,2.115089597905149,96.84806920896837
2,2022,1.4931400249295392,102.52591768548582
2,2022,2.397675348890523,77.48499705413903
2,2022,2.73875759474891,98.06904331792678
2,2022,0.954297140914832,98.00924411270933
3,2022,1.5230211095999155,105.42639142122023
3,2022,1.5704540293843294,101.69407209547488
3,2022,2.489700181027091,99.46562679988025
3,2022,1.7977367408590594,89.82247821149043
3,2022,2.106878214875461,107.0677779774865
3,2022,2.6569245722134043,96.14360232058574
3,2022,1.9177468535772941,94.16057760920859
3,2022,1.6071847282920326,92.42832902920233
3,2022,1.9274507597875197,96.50895127899591
3,2022,1.413881323149319,76.38136865096627
3,2022,2.297417265839346,93.47863499236027
3,2022,2.126236433399714,115.14183523244053
3,2022,1.883226381095942,107.16757247417725
3,2022,2.4792333457011,100.7660566953693
3,2022,1.8433067285373237,93.13565237150702
3,2022,2.7889420858104508,82.11457265301134
3,2022,2.4768307663181477,82.98238683392205
3,2022,2.410996587577285,100.22831804154339
3,2022,1.9963177991425916,90.15270161477893
3,2022,2.002918312459562,91.78693718707277
3,2022,1.994358670240316,76.23789982778209
3,2022,1.2720700627433066,117.59720457396502
3,2022,2.0001015772650717,102.9345723269434
3,2022,1.489539833672385,98.78223655004113
3,2022,1.3328461942163434,99.48046072696935
3,2022,1.4245991365835489,106.82561401456549
3,2022,2.2906402422390095,99.53431163026086
3,2022,2.1927416495357925,104.93555415662264
3,2022,1.291247259472995,91.74315965398021
3,2022,1.1200751048879924,124.31388068186264
3,2022,2.1037996568003936,82.9522372551586
4,2022,1.804898318135899,94.8479823723601
4,2022,2.9855970213508867,89.62050678787948
4,2022,2.0226677052507416,91.6682517140192
4,2022,2.6940867471493712,110.82706267892502
4,2022,2.6463731382414264,93.64497789459773
4,2022,1.2932945620292218,101.53837931056908
4,2022,2.238184099268075,101.24843255191414
4,2022,2.3961500681718704,99.91866531814095
4,2022,1.7629103002867945,107.71413836857617
4,2022,2.1548342013994537,121.18677149042267
4,2022,1.949651947510742,86.0614678429201
4,2022,1.555873900725316,101.29056981798122
4,2022,2.182951087884244,112.23905086510474
4,2022,0.7323603328046167,93.84289506068292
4,2022,2.2696617294822605,111.27393253867686
4,2022,2.1369822751311793,94.20670472917979
4,2022,1.7692992956906346,83.76511054218095
4,2022,1.780891594671357,92.7070662811687
4,2022,1.9917538042288383,85.04500740184041
4,2022,2.4822879656148498,98.25754761271327
4,2022,1.940397588083023,105.44868496258762
4,2022,1.2346054562599873,97.84427435933743
4,2022,1.566980873947427,88.87550543587048
4,2022,1.9492917925253035,90.25222705777965
4,2022,2.289422813302739,96.8750115675667
4,2022,1.4790144620329286,104.13640634516787
4,2022,1.8926757446357825,98.65571741179929
4,2022,2.3134574627182207,108.89419954978466
4,2022,1.5222117716816022,106.02638326766791
4,2022,1.4150007001748475,78.82960211033011
5,2022,1.1296059170764683,102.42767439736505
5,2022,2.278777433827696,105.65248018715663
5,2022,1.762727131757391,97.24277171082278
5,2022,3.1415382830653225,87.4906276919857
5,2022,3.0043016994695835,79.01522359495536
5,2022,1.87729933223087,109.57312044021246
5,2022,2.0943228760970083,93.71142228450007
5,2022,1.9766567729936761,91.7385507089951
5,2022,1.9460785522730224,102.2694981044422
5,2022,2.100867438385572,111.48334718680462
5,2022,2.350393028161739,94.3256348776115
5,2022,1.880823776795936,91.18731760886074
5,2022,1.9511959707368232,105.9504485316386
5,2022,2.6565706901358523,103.98082764698043
5,2022,1.3970305099667142,99.99095137911675
5,2022,2.234320498181188,104.3254937473193
5,2022,2.7798652586355272,110.23548454090833
5,2022,1.70836453901698,105.91405720027704
5,2022,1.7950346059190616,106.0602034868005
5,2022,2.581556861617023,104.4490650126159
5,2022,2.147300429428909,108.59243473229267
5,2022,2.329851885299619,99.70387006316679
5,2022,2.8237819380417464,99.66916419011905
5,2022,1.2783509237709025,117.67007317044038
5,2022,2.4484045049631913,97.72534381093057
5,2022,1.1964994786808045,93.97310727931962
5,2022,1.9097542129751126,112.0330191478588
5,2022,2.5474961100423394,117.77487916257806
5,2022,1.6463803059385833,95.78310685776721
5,2022,2.0016126857454344,98.82536399427546
5,2022,2.3291264397284195,104.49040945265745
6,2022,1.7659985073178992,87.59494248801089
6,2022,1.9302452631912834,91.26838320118082
6,2022,2.2881900303386478,104.64682054293723
6,2022,1.3801690741279249,100.83481432819187
6,2022,2.0020395055108264,90.05170900473767
6,2022,2.1969314107502544,99.97922523318014
6,2022,2.8018456114994525,86.87737341379452
6,2022,2.438054388071356,105.24032371031612
6,2022,2.5602686125345295,97.09857626580471
6,2022,2.356462267287383,102.25506709312246
6,2022,2.230031403681192,91.33249322896725
6,2022,2.4510425809416585,107.63424600002162
6,2022,2.231260855994068,118.84646958851005
6,2022,1.5762713502342396,94.07510800908194
6,2022,1.8963190598903086,97.30695775799467
6,2022,1.5693511951478607,80.9087370933144
6,2022,1.4061294490267469,107.29483513047765
6,2022,2.1902188957979507,102.29649950812323
6,2022,2.7974252196140457,104.57568293674711
6,2022,2.3133077190310667,83.51485179409161
6,2022,2.9027790746705855,99.02604067903229
6,2022,2.4595112896965894,86.77630688464276
6,2022,1.599702171044877,87.54747783213281
6,2022,1.8052344401401192,94.72847437948433
6,2022,2.2451374248143545,99.543697192771
6,2022,2.2052848452345,106.81414910730842
6,2022,1.6787604035534744,99.0526664389464
6,2022,2.2661624232220166,104.08937844926935
6,2022,2.42272220794847,101.01477279024199
6,2022,1.8802815725161577,104.4309461759361
7,2022,1.8407812009067521,79.08134914911953
7,2022,1.5976925397488293,92.1287299296149
7,2022,2.4882419681333907,103.61942581161502
7,2022,1.7532862758978025,106.27301590415348
7,2022,1.7189039145283158,98.27518092604559
7,2022,2.098181699451031,96.15077127277351
7,2022,2.350928044201817,100.73052634031531
7,2022,0.7451642142160941,110.83068126927893
7,2022,1.3497949180241293,94.05874173317979
7,2022,2.4441291018239006,79.68080125161092
7,2022,1.8413404427158235,112.54660198741377
7,2022,1.7258042588705305,108.89964392015162
7,2022,1.3462889008673,96.97810022270424
7,2022,2.970503656752113,102.59590557958995
7,2022,2.849346458006716,115.5611334298716
7,2022,1.3224436007417038,97.75909086573304
7,2022,2.099298542045302,103.39016821477146
7,2022,1.9602982915223648,115.92141325680909
7,2022,1.6679310473350293,99.00846295867197
7,2022,1.6998763732758566,75.88536875138828
7,2022,2.519126841143821,99.29659780240635
7,2022,1.314451195300003,89.64303467716076
7,2022,1.4879531464606965,114.69492671923283
7,2022,1.84116558460677,99.76543014396577
7,2022,1.1749197834475757,92.3880694929921
7,2022,1.9832966306394115,97.48729867241823
7,2022,1.7766720550817394,122.61078700766856
7,2022,2.159988790785902,96.34118702098907
7,2022,2.8888240560409364,112.53030387539079
7,2022,1.7327607946089334,81.33106835407592
7,2022,2.8054930004748133,96.75918637706982
8,2022,0.7926683352995543,107.80255090912961
8,2022,2.4899747786961477,105.3247048649369
8,2022,2.5147579492847143,82.22720743009498
8,2022,2.168435719089593,99.2962455694625
8,2022,1.8198717982567216,97.51250263714643
8,2022,1.295415953836042,95.72194191602986
8,2022,3.040922202502278,100.25350999548353
8,2022,1.8399601643896055,97.97828997614438
8,2022,1.784607077881021,102.32209293719713
8,2022,2.544102191067328,90.13400068460057
8,2022,0.8236107431657709,97.01624294978566
8,2022,2.2759176090193787,92.01620553779027
8,2022,1.749279282991582,115.53771131304676
8,2022,2.2261842947482857,96.24243023142242
8,2022,1.8963536660772018,92.29459309111786
8,2022,2.7681029692793073,101.60061360857101
8,2022,2.3093993177018737,101.5047466183057
8,2022,2.026577305842925,99.00863563101494
8,2022,3.2825581409752607,81.64771320387456
8,2022,2.328415822201144,107.03005976503509
8,2022,2.2332275400819963,114.40452942495314
8,2022,2.3386317969466193,103.55231944599402
8,2022,2.37813552840439,102.7821223071659
8,2022,2.043290020243444,111.48578549035598
8,2022,1.6309585785891125,100.86176747019604
8,2022,2.5806319915461113,106.24832487892749
8,2022,2.043825579104558,98.0447585295682
8,2022,1.8112498333113616,101.23654259630935
8,2022,1.7497162680033653,99.0184335924217
8,2022,1.128210609843578,87.20900273815319
8,2022,1.5353711108131078,96.89873169294428
9,2022,2.620928519911265,88.77216353877643
9,2022,1.9152887818993665,93.1485387375767
9,2022,2.488473658435133,113.9693159185512
9,2022,2.688918087559352,95.5036813433933
9,2022,1.31629312253464,97.14109705744548
9,2022,2.340054902077674,101.9729810364783
9,2022,2.082151697134745,116.66998246040758
9,2022,2.5477166904145334,105.91262678715783
9,2022,1.9677158909789731,112.9499243304432
9,2022,2.2440424825158845,99.60768835651885
9,2022,2.6630168871404507,108.3255429010579
9,2022,2.062189285309306,102.80326115874547
9,2022,1.5010064288659732,102.46868811923503
9,2022,2.3865259089900737,90.12396034007764
9,2022,2.2699889674017837,87.19646354055607
9,2022,1.3662204361412542,121.10639388150999
9,2022,3.115455073198862,96.26997845867197
9,2022,2.573580279507572,94.67976827981545
9,2022,1.5579410531398545,91.53059149160373
9,2022,2.1742781179365185,92.2789458905111
9,2022,2.5266621219890046,116.59527846702602
9,2022,2.286746088534836,103.3634951249942
9,2022,2.1397254579111284,98.32322554543707
9,2022,1.5864567803997018,102.28311544301633
9,2022,1.9741029659623937,87.99557917787196
9,2022,2.1549069669944125,109.9228899760115
9,2022,1.9289819495524192,97.78135980891464
9,2022,2.0927733423104713,91.43663314674424
9,2022,2.724642882582075,87.63309013583108
9,2022,2.318991538699458,111.46983567431982
10,2022,1.9511645000936022,115.42948019550917
10,2022,2.0330058108823215,96.0948011297678
10,2022,2.096546495728881,106.11335820583179
10,2022,2.2969723418304917,94.96550546592275
10,2022,1.605262973693342,108.21275219951457
10,2022,2.105999209826843,96.72188797256871
10,2022,2.070774851097657,98.21639341801382
10,2022,1.450767616590801,110.76410999406953
10,2022,1.8779078359668224,89.73396941860754
10,2022,1.8621340171481204,107.50905426118712
10,2022,1.5481484867267328,104.72772440894907
10,2022,2.2994215307392105,91.06735600801544
10,2022,2.353128052260139,73.32195368052763
10,2022,2.248465324092302,95.65201036048184
10,2022,3.3227689117826396,93.68232074994222
10,2022,1.7886764319171513,89.98087652702411
10,2022,1.6484703174094097,108.22999084487708
10,2022,3.076603465267008,109.41120822279869
10,2022,1.5569959297907778,101.81554907177126
10,2022,1.892721796223167,90.40197379233439
10,2022,1.4376138919119343,99.0878288733408
10,2022,0.7549417556011473,117.33284600224984
10,2022,1.538359165185633,101.11356009373897
10,2022,1.9729759761573153,93.32564517159365
10,2022,2.248750673348538,94.28721909303127
10,2022,2.9252476240518117,112.18794543273421
10,2022,2.6489379729768703,111.55564476801949
10,2022,1.8158334342149465,104.96444149500216
10,2022,1.9564955233302281,93.8495381842674
10,2022,2.3236677469929408,111.33075321617392
10,2022,2.1337202721591657,87.36567407289421
11,2022,2.3029280734341815,103.55359765838284
11,2022,1.4423004773313772,115.8621465045339
11,2022,1.0180726315004271,105.76159388528666
11,2022,0.8445290438405233,98.56975912350804
11,2022,1.8922203309296226,103.67914321690613
11,2022,1.4490944532277916,105.77009435908172
11,2022,1.7575561755995512,86.85354807163154
11,2022,2.2018742292662727,111.01287318929981
11,2022,2.106768473563044,110.12985744013245
11,2022,2.0893697748847053,100.03824714530576
11,2022,2.359200836956471,92.58252780069732
11,2022,2.031259212221537,109.09124355628036
11,2022,1.9204398494121893,112.51544979660319
11,2022,1.4795185617985984,89.44327735419895
11,2022,2.1361022086365713,93.19525583939014
11,2022,1.9928829291748553,96.90703919491642
11,2022,1.7334713029921218,79.76749059939755
11,2022,1.3031422211109152,113.18818364547622
11,2022,2.361003785748826,104.22576759350147
11,2022,1.487405009234867,91.53302652855263
11,2022,2.388175137670708,99.92540523170167
11,2022,1.9885771489296185,89.53696382664698
11,2022,2.159179630053518,101.78037778930984
11,2022,1.6556535365843794,92.28810336903237
11,2022,2.669219691700735,88.0923843653652
11,2022,2.1257280540081793,85.26399503227856
11,2022,1.7597006023299449,120.39791797075011
11,2022,2.78717984550833,103.8447700008911
11,2022,1.9774698010644836,92.46302077461712
11,2022,1.5717095091444908,94.12234586022731
12,2022,2.1556142055249907,110.12737339716067
12,2022,1.890552667445261,104.68298609659332
12,2022,2.50396086354774,99.32765055613717
12,2022,1.75923038490381,84.92863600864374
12,2022,2.876706508211115,94.64062512339551
12,2022,2.418034947617385,95.21590955165598
12,2022,2.5621526097908087,125.4139853023062
12,2022,1.8428332203395499,94.95983180178042
12,2022,2.0856245502511768,94.78485023496792
12,2022,1.6909867721373506,87.72095922443017
12,2022,2.239289729805457,89.84544113568944
12,2022,2.1971599788228735,79.68677366087194
12,2022,1.8008887586662563,104.16621098258042
12,2022,1.246830687271621,85.06870255247203
12,2022,1.2742660862368511,95.15889770814064
12,2022,1.8292483906001793,89.36573897018386
12,2022,1.6120710638385887,102.55158485316034
12,2022,2.0167266265126647,104.59831515668962
12,2022,1.5971970372608313,116.56089446797998
12,2022,2.9426015344191057,94.31714088693117
12,2022,2.0828203925544386,106.93312299732955
12,2022,2.0562943259040134,76.4296220174848
12,2022,2.6644654803241403,105.40230833385031
12,2022,2.083086428792671,108.85172950194344
12,2022,1.4640202459194704,112.23583806663336
12,2022,2.1436884877273448,104.35520560001135
12,2022,1.8473866846972176,97.89200091288451
12,2022,1.7411480946075681,106.44772947517592
12,2022,1.482208340442018,107.55114725655721
12,2022,1.6146463702168559,111.71234345649945
12,2022,2.4604898622630937,106.29846329180316
